Workbook

Sheet Master_Barang
A1: Kode_Barang | B1: Nama_Barang | C1: Kategori | D1: Satuan_Dasar | E1: Stok_Minimum | F1: Status
A2: BR01 | B2: Telur | C2: Makanan | D2: PCS | E2: 50 | F2: Aktif
A3: BR02 | B3: Gula | C3: Makanan | D3: PCS | E3: 20 | F3: Aktif
A4: BR03 | B4: Beras | C4: Makanan | D4: Kg | E4: 100 | F4: Aktif
A5: BR04 | B5: Minyak | C5: Makanan | D5: Liter | E5: 30 | F5: Aktif
A6: BR05 | B6: Kopi | C6: Makanan | D6: PCS | E6: 40 | F6: Aktif
A7: BR06 | B7: Teh | C7: Miras | D7: PCS | E7: 40 | F7: Aktif

Sheet Master_Konversi_Satuan
A1: Kode_Barang | B1: Nama_Barang | C1: Satuan_Jual | D1: Konversi_ke_PCS | E1: Harga_Jual | F1: Status
A2: BR01 | B2: Telur | C2: PCS | D2: 1 | E2: 1700
A3: BR01 | B3: Telur | C3: Rak | D3: 30 | E3: 45000
A4: BR02 | B4: Gula | C4: Kg | D4: 1 | E4: 14000
A5: BR02 | B5: Gula | C5: Karung | D5: 50 | E5: 680000
A6: BR03 | B6: Beras | C6: Kg | D6: 1 | E6: 13000
A7: BR03 | B7: Beras | C7: Karung | D7: 25 | E7: 310000
A8: BR04 | B8: Minyak | C8: Liter | D8: 1 | E8: 16000
A9: BR04 | B9: Minyak | C9: Dus | D9: 12 | E9: 185000
A10: BR05 | B10: Kopi | C10: PCS | D10: 1 | E10: 5000
A11: BR05 | B11: Kopi | C11: Renteng | D11: 10 | E11: 45000
A12: BR06 | B12: Teh | C12: PCS | D12: 1 | E12: 4000
A13: BR06 | B13: Teh | C13: Renteng | D13: 10 | E13: 37000

Sheet Barang_Masuk
A1: Tanggal | B1: No_Dokumen | C1: Kode_Barang | D1: Nama_Barang | E1: Satuan_Masuk | F1: Qty_Masuk | G1: Konversi_ke_PCS | H1: Total_PCS | I1: Harga_Beli_per_Satuan | J1: Total_Nilai_Pembelian | K1: Supplier | L1: Keterangan
A2: 46023 | B2: BM01 | C2: BR01 | D2: =IF( C2="", "", _xlfn.XLOOKUP( C2, Master_Barang!A:A, Master_Barang!B:B ) ) -> Telur | E2: Rak | F2: 5 | G2: {=_xlfn.XLOOKUP( 1, (Master_Konversi_Satuan!A:A=C2)* (Master_Konversi_Satuan!C:C=E2), Master_Konversi_Satuan!D:D )} -> 30 | H2: =Tabel2[[#This Row],[Qty_Masuk]]*Tabel2[[#This Row],[Konversi_ke_PCS]] -> 150 | I2: 40000 | J2: =Tabel2[[#This Row],[Qty_Masuk]]*Tabel2[[#This Row],[Harga_Beli_per_Satuan]] -> 200000 | K2: Ahmad
A3: 46023 | B3: BM02 | C3: BR02 | D3: =IF( C3="", "", _xlfn.XLOOKUP( C3, Master_Barang!A:A, Master_Barang!B:B ) ) -> Gula | E3: Karung | F3: 1 | G3: {=_xlfn.XLOOKUP( 1, (Master_Konversi_Satuan!A:A=C3)* (Master_Konversi_Satuan!C:C=E3), Master_Konversi_Satuan!D:D )} -> 50 | H3: =Tabel2[[#This Row],[Qty_Masuk]]*Tabel2[[#This Row],[Konversi_ke_PCS]] -> 50 | I3: 600000 | J3: =Tabel2[[#This Row],[Qty_Masuk]]*Tabel2[[#This Row],[Harga_Beli_per_Satuan]] -> 600000
A4: 46023 | B4: BM03 | C4: BR03 | D4: =IF( C4="", "", _xlfn.XLOOKUP( C4, Master_Barang!A:A, Master_Barang!B:B ) ) -> Beras | E4: Karung | F4: 3 | G4: {=_xlfn.XLOOKUP( 1, (Master_Konversi_Satuan!A:A=C4)* (Master_Konversi_Satuan!C:C=E4), Master_Konversi_Satuan!D:D )} -> 25 | H4: =Tabel2[[#This Row],[Qty_Masuk]]*Tabel2[[#This Row],[Konversi_ke_PCS]] -> 75 | I4: 240000 | J4: =Tabel2[[#This Row],[Qty_Masuk]]*Tabel2[[#This Row],[Harga_Beli_per_Satuan]] -> 720000
A5: 46023 | B5: BM04 | C5: BR04 | D5: =IF( C5="", "", _xlfn.XLOOKUP( C5, Master_Barang!A:A, Master_Barang!B:B ) ) -> Minyak | E5: Dus | F5: 2 | G5: {=_xlfn.XLOOKUP( 1, (Master_Konversi_Satuan!A:A=C5)* (Master_Konversi_Satuan!C:C=E5), Master_Konversi_Satuan!D:D )} -> 12 | H5: =Tabel2[[#This Row],[Qty_Masuk]]*Tabel2[[#This Row],[Konversi_ke_PCS]] -> 24 | I5: 160000 | J5: =Tabel2[[#This Row],[Qty_Masuk]]*Tabel2[[#This Row],[Harga_Beli_per_Satuan]] -> 320000
A6: 46023 | B6: BM05 | C6: BR05 | D6: =IF( C6="", "", _xlfn.XLOOKUP( C6, Master_Barang!A:A, Master_Barang!B:B ) ) -> Kopi | E6: Renteng | F6: 5 | G6: {=_xlfn.XLOOKUP( 1, (Master_Konversi_Satuan!A:A=C6)* (Master_Konversi_Satuan!C:C=E6), Master_Konversi_Satuan!D:D )} -> 10 | H6: =Tabel2[[#This Row],[Qty_Masuk]]*Tabel2[[#This Row],[Konversi_ke_PCS]] -> 50 | I6: 40000 | J6: =Tabel2[[#This Row],[Qty_Masuk]]*Tabel2[[#This Row],[Harga_Beli_per_Satuan]] -> 200000
A7: 46024 | B7: BM06 | C7: BR01 | D7: =IF( C7="", "", _xlfn.XLOOKUP( C7, Master_Barang!A:A, Master_Barang!B:B ) ) -> Telur | E7: Rak | F7: 1 | G7: {=_xlfn.XLOOKUP( 1, (Master_Konversi_Satuan!A:A=C7)* (Master_Konversi_Satuan!C:C=E7), Master_Konversi_Satuan!D:D )} -> 30 | H7: =Tabel2[[#This Row],[Qty_Masuk]]*Tabel2[[#This Row],[Konversi_ke_PCS]] -> 30 | I7: 42000 | J7: =Tabel2[[#This Row],[Qty_Masuk]]*Tabel2[[#This Row],[Harga_Beli_per_Satuan]] -> 42000
A8: 46024 | B8: BM07 | C8: BR02 | D8: =IF( C8="", "", _xlfn.XLOOKUP( C8, Master_Barang!A:A, Master_Barang!B:B ) ) -> Gula | E8: Karung | F8: 0.5 | G8: {=_xlfn.XLOOKUP( 1, (Master_Konversi_Satuan!A:A=C8)* (Master_Konversi_Satuan!C:C=E8), Master_Konversi_Satuan!D:D )} -> 50 | H8: =Tabel2[[#This Row],[Qty_Masuk]]*Tabel2[[#This Row],[Konversi_ke_PCS]] -> 25 | I8: 320000 | J8: =Tabel2[[#This Row],[Qty_Masuk]]*Tabel2[[#This Row],[Harga_Beli_per_Satuan]] -> 160000
A9: 46024 | B9: BM08 | C9: BR03 | D9: =IF( C9="", "", _xlfn.XLOOKUP( C9, Master_Barang!A:A, Master_Barang!B:B ) ) -> Beras | E9: Karung | F9: 2 | G9: {=_xlfn.XLOOKUP( 1, (Master_Konversi_Satuan!A:A=C9)* (Master_Konversi_Satuan!C:C=E9), Master_Konversi_Satuan!D:D )} -> 25 | H9: =Tabel2[[#This Row],[Qty_Masuk]]*Tabel2[[#This Row],[Konversi_ke_PCS]] -> 50 | I9: 250000 | J9: =Tabel2[[#This Row],[Qty_Masuk]]*Tabel2[[#This Row],[Harga_Beli_per_Satuan]] -> 500000
A10: 46024 | B10: BM09 | C10: BR06 | D10: =IF( C10="", "", _xlfn.XLOOKUP( C10, Master_Barang!A:A, Master_Barang!B:B ) ) -> Teh | E10: Renteng | F10: 6 | G10: {=_xlfn.XLOOKUP( 1, (Master_Konversi_Satuan!A:A=C10)* (Master_Konversi_Satuan!C:C=E10), Master_Konversi_Satuan!D:D )} -> 10 | H10: =Tabel2[[#This Row],[Qty_Masuk]]*Tabel2[[#This Row],[Konversi_ke_PCS]] -> 60 | I10: 20000 | J10: =Tabel2[[#This Row],[Qty_Masuk]]*Tabel2[[#This Row],[Harga_Beli_per_Satuan]] -> 120000
A11: 46024 | B11: BM10 | C11: BR04 | D11: =IF( C11="", "", _xlfn.XLOOKUP( C11, Master_Barang!A:A, Master_Barang!B:B ) ) -> Minyak | E11: Dus | F11: 0.5 | G11: {=_xlfn.XLOOKUP( 1, (Master_Konversi_Satuan!A:A=C11)* (Master_Konversi_Satuan!C:C=E11), Master_Konversi_Satuan!D:D )} -> 12 | H11: =Tabel2[[#This Row],[Qty_Masuk]]*Tabel2[[#This Row],[Konversi_ke_PCS]] -> 6 | I11: 180000 | J11: =Tabel2[[#This Row],[Qty_Masuk]]*Tabel2[[#This Row],[Harga_Beli_per_Satuan]] -> 90000
A12: 46025 | B12: BM11 | C12: BR01 | D12: =IF( C12="", "", _xlfn.XLOOKUP( C12, Master_Barang!A:A, Master_Barang!B:B ) ) -> Telur | E12: Rak | F12: 2 | G12: {=_xlfn.XLOOKUP( 1, (Master_Konversi_Satuan!A:A=C12)* (Master_Konversi_Satuan!C:C=E12), Master_Konversi_Satuan!D:D )} -> 30 | H12: =Tabel2[[#This Row],[Qty_Masuk]]*Tabel2[[#This Row],[Konversi_ke_PCS]] -> 60 | I12: 55000 | J12: =Tabel2[[#This Row],[Qty_Masuk]]*Tabel2[[#This Row],[Harga_Beli_per_Satuan]] -> 110000
A13: 46025 | B13: BM12 | C13: BR05 | D13: =IF( C13="", "", _xlfn.XLOOKUP( C13, Master_Barang!A:A, Master_Barang!B:B ) ) -> Kopi | E13: Renteng | F13: 5 | G13: {=_xlfn.XLOOKUP( 1, (Master_Konversi_Satuan!A:A=C13)* (Master_Konversi_Satuan!C:C=E13), Master_Konversi_Satuan!D:D )} -> 10 | H13: =Tabel2[[#This Row],[Qty_Masuk]]*Tabel2[[#This Row],[Konversi_ke_PCS]] -> 50 | I13: 38000 | J13: =Tabel2[[#This Row],[Qty_Masuk]]*Tabel2[[#This Row],[Harga_Beli_per_Satuan]] -> 190000
A14: 46025 | B14: BM13 | C14: BR02 | D14: =IF( C14="", "", _xlfn.XLOOKUP( C14, Master_Barang!A:A, Master_Barang!B:B ) ) -> Gula | E14: Kg | F14: 15 | G14: {=_xlfn.XLOOKUP( 1, (Master_Konversi_Satuan!A:A=C14)* (Master_Konversi_Satuan!C:C=E14), Master_Konversi_Satuan!D:D )} -> 1 | H14: =Tabel2[[#This Row],[Qty_Masuk]]*Tabel2[[#This Row],[Konversi_ke_PCS]] -> 15 | I14: 25000 | J14: =Tabel2[[#This Row],[Qty_Masuk]]*Tabel2[[#This Row],[Harga_Beli_per_Satuan]] -> 375000
... A16: 46025 | B16: BM15 | C16: BR03 | D16: =IF( C16="", "", _xlfn.XLOOKUP( C16, Master_Barang!A:A, Master_Barang!B:B ) ) -> Beras | E16: Kg | F16: 100 | G16: {=_xlfn.XLOOKUP( 1, (Master_Konversi_Satuan!A:A=C16)* (Master_Konversi_Satuan!C:C=E16), Master_Konversi_Satuan!D:D )} -> 1 | H16: =Tabel2[[#This Row],[Qty_Masuk]]*Tabel2[[#This Row],[Konversi_ke_PCS]] -> 100 | I16: 15000 | J16: =Tabel2[[#This Row],[Qty_Masuk]]*Tabel2[[#This Row],[Harga_Beli_per_Satuan]] -> 1500000

Sheet Stok_Mutasi
A1: Tanggal | B1: Jenis_Transaksi | C1: Ref_Dokumen | D1: Kode_Barang | E1: Nama_Barang | F1: Qty_PCS | G1: Arah_Stok | H1: Mutasi_PCS | I1: Keterangan | K1: Tanggal | L1: Jenis_Transaksi | M1: Ref_Dokumen | N1: Kode_Barang | O1: Nama_Barang | P1: Qty_PCS | Q1: Arah_Stok | R1: Mutasi_PCS | S1: Keterangan
A2: =IF(Barang_Masuk!A2="","",Barang_Masuk!A2) -> 46023 | B2: =IF(A2="","","MASUK") -> MASUK | C2: =IF(A2="","",Barang_Masuk!B2) -> BM01 | D2: =IF(A2="","",Barang_Masuk!C2) -> BR01 | E2: =IF(A2="","",Barang_Masuk!D2) -> Telur | F2: =IF(A2="","",Barang_Masuk!H2) -> 150 | G2: =IF(A2="","",1) -> 1 | H2: =IF(A2="","",F2*G2) -> 150 | I2: =IF(A2="","",Barang_Masuk!L2) -> 0 | K2: =IF(Penjualan!A2="","",Penjualan!A2) -> 46023 | L2: =IF(K2="","","KELUAR") -> KELUAR | M2: =IF(K2="","",Penjualan!B2) -> PJ01 | N2: =IF(K2="","",Penjualan!C2) -> BR01 | O2: =IF(K2="","",Penjualan!D2) -> Telur | P2: =IF(K2="","",Penjualan!H2) -> 20 | Q2: =IF(K2="","",-1) -> -1 | R2: =IF(K2="","",P2*Q2) -> -20 | S2: =IF(K2="","",Penjualan!M2) -> 0
A3: =IF(Barang_Masuk!A3="","",Barang_Masuk!A3) -> 46023 | B3: =IF(A3="","","MASUK") -> MASUK | C3: =IF(A3="","",Barang_Masuk!B3) -> BM02 | D3: =IF(A3="","",Barang_Masuk!C3) -> BR02 | E3: =IF(A3="","",Barang_Masuk!D3) -> Gula | F3: =IF(A3="","",Barang_Masuk!H3) -> 50 | G3: =IF(A3="","",1) -> 1 | H3: =IF(A3="","",F3*G3) -> 50 | I3: =IF(A3="","",Barang_Masuk!L3) -> 0 | K3: =IF(Penjualan!A3="","",Penjualan!A3) -> 46023 | L3: =IF(K3="","","KELUAR") -> KELUAR | M3: =IF(K3="","",Penjualan!B3) -> PJ02 | N3: =IF(K3="","",Penjualan!C3) -> BR02 | O3: =IF(K3="","",Penjualan!D3) -> Gula | P3: =IF(K3="","",Penjualan!H3) -> 10 | Q3: =IF(K3="","",-1) -> -1 | R3: =IF(K3="","",P3*Q3) -> -10 | S3: =IF(K3="","",Penjualan!M3) -> 0
A4: =IF(Barang_Masuk!A4="","",Barang_Masuk!A4) -> 46023 | B4: =IF(A4="","","MASUK") -> MASUK | C4: =IF(A4="","",Barang_Masuk!B4) -> BM03 | D4: =IF(A4="","",Barang_Masuk!C4) -> BR03 | E4: =IF(A4="","",Barang_Masuk!D4) -> Beras | F4: =IF(A4="","",Barang_Masuk!H4) -> 75 | G4: =IF(A4="","",1) -> 1 | H4: =IF(A4="","",F4*G4) -> 75 | I4: =IF(A4="","",Barang_Masuk!L4) -> 0 | K4: =IF(Penjualan!A4="","",Penjualan!A4) -> 46023 | L4: =IF(K4="","","KELUAR") -> KELUAR | M4: =IF(K4="","",Penjualan!B4) -> PJ03 | N4: =IF(K4="","",Penjualan!C4) -> BR05 | O4: =IF(K4="","",Penjualan!D4) -> Kopi | P4: =IF(K4="","",Penjualan!H4) -> 20 | Q4: =IF(K4="","",-1) -> -1 | R4: =IF(K4="","",P4*Q4) -> -20 | S4: =IF(K4="","",Penjualan!M4) -> 0
A5: =IF(Barang_Masuk!A5="","",Barang_Masuk!A5) -> 46023 | B5: =IF(A5="","","MASUK") -> MASUK | C5: =IF(A5="","",Barang_Masuk!B5) -> BM04 | D5: =IF(A5="","",Barang_Masuk!C5) -> BR04 | E5: =IF(A5="","",Barang_Masuk!D5) -> Minyak | F5: =IF(A5="","",Barang_Masuk!H5) -> 24 | G5: =IF(A5="","",1) -> 1 | H5: =IF(A5="","",F5*G5) -> 24 | I5: =IF(A5="","",Barang_Masuk!L5) -> 0 | K5: =IF(Penjualan!A5="","",Penjualan!A5) -> 46024 | L5: =IF(K5="","","KELUAR") -> KELUAR | M5: =IF(K5="","",Penjualan!B5) -> PJ04 | N5: =IF(K5="","",Penjualan!C5) -> BR03 | O5: =IF(K5="","",Penjualan!D5) -> Beras | P5: =IF(K5="","",Penjualan!H5) -> 50 | Q5: =IF(K5="","",-1) -> -1 | R5: =IF(K5="","",P5*Q5) -> -50 | S5: =IF(K5="","",Penjualan!M5) -> 0
A6: =IF(Barang_Masuk!A6="","",Barang_Masuk!A6) -> 46023 | B6: =IF(A6="","","MASUK") -> MASUK | C6: =IF(A6="","",Barang_Masuk!B6) -> BM05 | D6: =IF(A6="","",Barang_Masuk!C6) -> BR05 | E6: =IF(A6="","",Barang_Masuk!D6) -> Kopi | F6: =IF(A6="","",Barang_Masuk!H6) -> 50 | G6: =IF(A6="","",1) -> 1 | H6: =IF(A6="","",F6*G6) -> 50 | I6: =IF(A6="","",Barang_Masuk!L6) -> 0 | K6: =IF(Penjualan!A6="","",Penjualan!A6) -> 46024 | L6: =IF(K6="","","KELUAR") -> KELUAR | M6: =IF(K6="","",Penjualan!B6) -> PJ05 | N6: =IF(K6="","",Penjualan!C6) -> BR01 | O6: =IF(K6="","",Penjualan!D6) -> Telur | P6: =IF(K6="","",Penjualan!H6) -> 30 | Q6: =IF(K6="","",-1) -> -1 | R6: =IF(K6="","",P6*Q6) -> -30 | S6: =IF(K6="","",Penjualan!M6) -> 0
A7: =IF(Barang_Masuk!A7="","",Barang_Masuk!A7) -> 46024 | B7: =IF(A7="","","MASUK") -> MASUK | C7: =IF(A7="","",Barang_Masuk!B7) -> BM06 | D7: =IF(A7="","",Barang_Masuk!C7) -> BR01 | E7: =IF(A7="","",Barang_Masuk!D7) -> Telur | F7: =IF(A7="","",Barang_Masuk!H7) -> 30 | G7: =IF(A7="","",1) -> 1 | H7: =IF(A7="","",F7*G7) -> 30 | I7: =IF(A7="","",Barang_Masuk!L7) -> 0 | K7: =IF(Penjualan!A7="","",Penjualan!A7) -> 46024 | L7: =IF(K7="","","KELUAR") -> KELUAR | M7: =IF(K7="","",Penjualan!B7) -> PJ06 | N7: =IF(K7="","",Penjualan!C7) -> BR04 | O7: =IF(K7="","",Penjualan!D7) -> Minyak | P7: =IF(K7="","",Penjualan!H7) -> 10 | Q7: =IF(K7="","",-1) -> -1 | R7: =IF(K7="","",P7*Q7) -> -10 | S7: =IF(K7="","",Penjualan!M7) -> 0
A8: =IF(Barang_Masuk!A8="","",Barang_Masuk!A8) -> 46024 | B8: =IF(A8="","","MASUK") -> MASUK | C8: =IF(A8="","",Barang_Masuk!B8) -> BM07 | D8: =IF(A8="","",Barang_Masuk!C8) -> BR02 | E8: =IF(A8="","",Barang_Masuk!D8) -> Gula | F8: =IF(A8="","",Barang_Masuk!H8) -> 25 | G8: =IF(A8="","",1) -> 1 | H8: =IF(A8="","",F8*G8) -> 25 | I8: =IF(A8="","",Barang_Masuk!L8) -> 0 | K8: =IF(Penjualan!A8="","",Penjualan!A8) -> 46024 | L8: =IF(K8="","","KELUAR") -> KELUAR | M8: =IF(K8="","",Penjualan!B8) -> PJ07 | N8: =IF(K8="","",Penjualan!C8) -> BR06 | O8: =IF(K8="","",Penjualan!D8) -> Teh | P8: =IF(K8="","",Penjualan!H8) -> 20 | Q8: =IF(K8="","",-1) -> -1 | R8: =IF(K8="","",P8*Q8) -> -20 | S8: =IF(K8="","",Penjualan!M8) -> 0
A9: =IF(Barang_Masuk!A9="","",Barang_Masuk!A9) -> 46024 | B9: =IF(A9="","","MASUK") -> MASUK | C9: =IF(A9="","",Barang_Masuk!B9) -> BM08 | D9: =IF(A9="","",Barang_Masuk!C9) -> BR03 | E9: =IF(A9="","",Barang_Masuk!D9) -> Beras | F9: =IF(A9="","",Barang_Masuk!H9) -> 50 | G9: =IF(A9="","",1) -> 1 | H9: =IF(A9="","",F9*G9) -> 50 | I9: =IF(A9="","",Barang_Masuk!L9) -> 0 | K9: =IF(Penjualan!A9="","",Penjualan!A9) -> 46025 | L9: =IF(K9="","","KELUAR") -> KELUAR | M9: =IF(K9="","",Penjualan!B9) -> PJ08 | N9: =IF(K9="","",Penjualan!C9) -> BR02 | O9: =IF(K9="","",Penjualan!D9) -> Gula | P9: =IF(K9="","",Penjualan!H9) -> 50 | Q9: =IF(K9="","",-1) -> -1 | R9: =IF(K9="","",P9*Q9) -> -50 | S9: =IF(K9="","",Penjualan!M9) -> 0
A10: =IF(Barang_Masuk!A10="","",Barang_Masuk!A10) -> 46024 | B10: =IF(A10="","","MASUK") -> MASUK | C10: =IF(A10="","",Barang_Masuk!B10) -> BM09 | D10: =IF(A10="","",Barang_Masuk!C10) -> BR06 | E10: =IF(A10="","",Barang_Masuk!D10) -> Teh | F10: =IF(A10="","",Barang_Masuk!H10) -> 60 | G10: =IF(A10="","",1) -> 1 | H10: =IF(A10="","",F10*G10) -> 60 | I10: =IF(A10="","",Barang_Masuk!L10) -> 0 | K10: =IF(Penjualan!A10="","",Penjualan!A10) -> 46025 | L10: =IF(K10="","","KELUAR") -> KELUAR | M10: =IF(K10="","",Penjualan!B10) -> PJ09 | N10: =IF(K10="","",Penjualan!C10) -> BR03 | O10: =IF(K10="","",Penjualan!D10) -> Beras | P10: =IF(K10="","",Penjualan!H10) -> 70 | Q10: =IF(K10="","",-1) -> -1 | R10: =IF(K10="","",P10*Q10) -> -70 | S10: =IF(K10="","",Penjualan!M10) -> 0
A11: =IF(Barang_Masuk!A11="","",Barang_Masuk!A11) -> 46024 | B11: =IF(A11="","","MASUK") -> MASUK | C11: =IF(A11="","",Barang_Masuk!B11) -> BM10 | D11: =IF(A11="","",Barang_Masuk!C11) -> BR04 | E11: =IF(A11="","",Barang_Masuk!D11) -> Minyak | F11: =IF(A11="","",Barang_Masuk!H11) -> 6 | G11: =IF(A11="","",1) -> 1 | H11: =IF(A11="","",F11*G11) -> 6 | I11: =IF(A11="","",Barang_Masuk!L11) -> 0 | K11: =IF(Penjualan!A11="","",Penjualan!A11) -> 46025 | L11: =IF(K11="","","KELUAR") -> KELUAR | M11: =IF(K11="","",Penjualan!B11) -> PJ10 | N11: =IF(K11="","",Penjualan!C11) -> BR01 | O11: =IF(K11="","",Penjualan!D11) -> Telur | P11: =IF(K11="","",Penjualan!H11) -> 40 | Q11: =IF(K11="","",-1) -> -1 | R11: =IF(K11="","",P11*Q11) -> -40 | S11: =IF(K11="","",Penjualan!M11) -> 0
A12: =IF(Barang_Masuk!A12="","",Barang_Masuk!A12) -> 46025 | B12: =IF(A12="","","MASUK") -> MASUK | C12: =IF(A12="","",Barang_Masuk!B12) -> BM11 | D12: =IF(A12="","",Barang_Masuk!C12) -> BR01 | E12: =IF(A12="","",Barang_Masuk!D12) -> Telur | F12: =IF(A12="","",Barang_Masuk!H12) -> 60 | G12: =IF(A12="","",1) -> 1 | H12: =IF(A12="","",F12*G12) -> 60 | I12: =IF(A12="","",Barang_Masuk!L12) -> 0 | K12: =IF(Penjualan!A12="","",Penjualan!A12) | L12: =IF(J12="","","KELUAR") | M12: =IF(J12="","",Penjualan!B12) | N12: =IF(J12="","",Penjualan!C12) | O12: =IF(J12="","",Penjualan!D12) | P12: =IF(J12="","",Penjualan!H12) | Q12: =IF(J12="","",-1) | R12: =IF(J12="","",O12*P12) | S12: =IF(J12="","",Penjualan!M12)
A13: =IF(Barang_Masuk!A13="","",Barang_Masuk!A13) -> 46025 | B13: =IF(A13="","","MASUK") -> MASUK | C13: =IF(A13="","",Barang_Masuk!B13) -> BM12 | D13: =IF(A13="","",Barang_Masuk!C13) -> BR05 | E13: =IF(A13="","",Barang_Masuk!D13) -> Kopi | F13: =IF(A13="","",Barang_Masuk!H13) -> 50 | G13: =IF(A13="","",1) -> 1 | H13: =IF(A13="","",F13*G13) -> 50 | I13: =IF(A13="","",Barang_Masuk!L13) -> 0 | K13: =IF(Penjualan!A13="","",Penjualan!A13) | L13: =IF(K13="","","KELUAR") | M13: =IF(K13="","",Penjualan!B13) | N13: =IF(K13="","",Penjualan!C13) | O13: =IF(K13="","",Penjualan!D13) | P13: =IF(K13="","",Penjualan!H13) | Q13: =IF(K13="","",-1) | R13: =IF(K13="","",P13*Q13) | S13: =IF(K13="","",Penjualan!M13)
A14: =IF(Barang_Masuk!A14="","",Barang_Masuk!A14) -> 46025 | B14: =IF(A14="","","MASUK") -> MASUK | C14: =IF(A14="","",Barang_Masuk!B14) -> BM13 | D14: =IF(A14="","",Barang_Masuk!C14) -> BR02 | E14: =IF(A14="","",Barang_Masuk!D14) -> Gula | F14: =IF(A14="","",Barang_Masuk!H14) -> 15 | G14: =IF(A14="","",1) -> 1 | H14: =IF(A14="","",F14*G14) -> 15 | I14: =IF(A14="","",Barang_Masuk!L14) -> 0 | K14: =IF(Penjualan!A14="","",Penjualan!A14) | L14: =IF(K14="","","KELUAR") | M14: =IF(K14="","",Penjualan!B14) | N14: =IF(K14="","",Penjualan!C14) | O14: =IF(K14="","",Penjualan!D14) | P14: =IF(K14="","",Penjualan!H14) | Q14: =IF(K14="","",-1) | R14: =IF(K14="","",P14*Q14) | S14: =IF(K14="","",Penjualan!M14)
A15: =IF(Barang_Masuk!A15="","",Barang_Masuk!A15) -> 46025 | B15: =IF(A15="","","MASUK") -> MASUK | C15: =IF(A15="","",Barang_Masuk!B15) -> BM14 | D15: =IF(A15="","",Barang_Masuk!C15) -> BR06 | E15: =IF(A15="","",Barang_Masuk!D15) -> Teh | F15: =IF(A15="","",Barang_Masuk!H15) -> 50 | G15: =IF(A15="","",1) -> 1 | H15: =IF(A15="","",F15*G15) -> 50 | I15: =IF(A15="","",Barang_Masuk!L15) -> 0 | K15: =IF(Penjualan!A15="","",Penjualan!A15) | L15: =IF(K15="","","KELUAR") | M15: =IF(K15="","",Penjualan!B15) | N15: =IF(K15="","",Penjualan!C15) | O15: =IF(K15="","",Penjualan!D15) | P15: =IF(K15="","",Penjualan!H15) | Q15: =IF(K15="","",-1) | R15: =IF(K15="","",P15*Q15) | S15: =IF(K15="","",Penjualan!M15)
A16: =IF(Barang_Masuk!A16="","",Barang_Masuk!A16) -> 46025 | B16: =IF(A16="","","MASUK") -> MASUK | C16: =IF(A16="","",Barang_Masuk!B16) -> BM15 | D16: =IF(A16="","",Barang_Masuk!C16) -> BR03 | E16: =IF(A16="","",Barang_Masuk!D16) -> Beras | F16: =IF(A16="","",Barang_Masuk!H16) -> 100 | G16: =IF(A16="","",1) -> 1 | H16: =IF(A16="","",F16*G16) -> 100 | I16: =IF(A16="","",Barang_Masuk!L16) -> 0 | K16: =IF(Penjualan!A16="","",Penjualan!A16) | L16: =IF(K16="","","KELUAR") | M16: =IF(K16="","",Penjualan!B16) | N16: =IF(K16="","",Penjualan!C16) | O16: =IF(K16="","",Penjualan!D16) | P16: =IF(K16="","",Penjualan!H16) | Q16: =IF(K16="","",-1) | R16: =IF(K16="","",P16*Q16) | S16: =IF(K16="","",Penjualan!M16)
A17: =IF(Barang_Masuk!A17="","",Barang_Masuk!A17) | B17: =IF(A17="","","MASUK") | C17: =IF(A17="","",Barang_Masuk!B17) | D17: =IF(A17="","",Barang_Masuk!C17) | E17: =IF(A17="","",Barang_Masuk!D17) | F17: =IF(A17="","",Barang_Masuk!H17) | G17: =IF(A17="","",1) | H17: =IF(A17="","",F17*G17) | I17: =IF(A17="","",Barang_Masuk!L17) | K17: =IF(Penjualan!A17="","",Penjualan!A17) | L17: =IF(K17="","","KELUAR") | M17: =IF(K17="","",Penjualan!B17) | N17: =IF(K17="","",Penjualan!C17) | O17: =IF(K17="","",Penjualan!D17) | P17: =IF(K17="","",Penjualan!H17) | Q17: =IF(K17="","",-1) | R17: =IF(K17="","",P17*Q17) | S17: =IF(K17="","",Penjualan!M17)
A18: =IF(Barang_Masuk!A18="","",Barang_Masuk!A18) | B18: =IF(A18="","","MASUK") | C18: =IF(A18="","",Barang_Masuk!B18) | D18: =IF(A18="","",Barang_Masuk!C18) | E18: =IF(A18="","",Barang_Masuk!D18) | F18: =IF(A18="","",Barang_Masuk!H18) | G18: =IF(A18="","",1) | H18: =IF(A18="","",F18*G18) | I18: =IF(A18="","",Barang_Masuk!L18)
A19: =IF(Barang_Masuk!A19="","",Barang_Masuk!A19) | B19: =IF(A19="","","MASUK") | C19: =IF(A19="","",Barang_Masuk!B19) | D19: =IF(A19="","",Barang_Masuk!C19) | E19: =IF(A19="","",Barang_Masuk!D19) | F19: =IF(A19="","",Barang_Masuk!H19) | G19: =IF(A19="","",1) | H19: =IF(A19="","",F19*G19) | I19: =IF(A19="","",Barang_Masuk!L19)
A20: =IF(Barang_Masuk!A20="","",Barang_Masuk!A20) | B20: =IF(A20="","","MASUK") | C20: =IF(A20="","",Barang_Masuk!B20) | D20: =IF(A20="","",Barang_Masuk!C20) | E20: =IF(A20="","",Barang_Masuk!D20) | F20: =IF(A20="","",Barang_Masuk!H20) | G20: =IF(A20="","",1) | H20: =IF(A20="","",F20*G20) | I20: =IF(A20="","",Barang_Masuk!L20)
A21: =IF(Barang_Masuk!A21="","",Barang_Masuk!A21) | B21: =IF(A21="","","MASUK") | C21: =IF(A21="","",Barang_Masuk!B21) | D21: =IF(A21="","",Barang_Masuk!C21) | E21: =IF(A21="","",Barang_Masuk!D21) | F21: =IF(A21="","",Barang_Masuk!H21) | G21: =IF(A21="","",1) | H21: =IF(A21="","",F21*G21) | I21: =IF(A21="","",Barang_Masuk!L21)

Sheet Penjualan
A1: Tanggal | B1: No_Transaksi | C1: Kode_Barang | D1: Nama_Barang | E1: Satuan_Jual | F1: Qty_Jual | G1: Konversi_ke_PCS | H1: Total_PCS | I1: Harga_Jual_per_Satuan | J1: Total_Penjualan | K1: Metode_Pembayaran | L1: Status | M1: Keterangan
A2: 46023 | B2: PJ01 | C2: BR01 | D2: =IF( C2="", "", _xlfn.XLOOKUP( C2, Master_Barang!A:A, Master_Barang!B:B ) ) -> Telur | E2: PCS | F2: 20 | G2: {=_xlfn.XLOOKUP( 1, (Master_Konversi_Satuan!A:A=C2)* (Master_Konversi_Satuan!C:C=E2), Master_Konversi_Satuan!D:D )} -> 1 | H2: =Tabel3[[#This Row],[Qty_Jual]]*Tabel3[[#This Row],[Konversi_ke_PCS]] -> 20 | I2: {=_xlfn.XLOOKUP( 1, (Master_Konversi_Satuan!A:A=C2)* (Master_Konversi_Satuan!C:C=E2), Master_Konversi_Satuan!E:E )} -> 1700 | J2: =F2*I2 -> 34000
A3: 46023 | B3: PJ02 | C3: BR02 | D3: =IF( C3="", "", _xlfn.XLOOKUP( C3, Master_Barang!A:A, Master_Barang!B:B ) ) -> Gula | E3: Kg | F3: 10 | G3: {=_xlfn.XLOOKUP( 1, (Master_Konversi_Satuan!A:A=C3)* (Master_Konversi_Satuan!C:C=E3), Master_Konversi_Satuan!D:D )} -> 1 | H3: =Tabel3[[#This Row],[Qty_Jual]]*Tabel3[[#This Row],[Konversi_ke_PCS]] -> 10 | I3: {=_xlfn.XLOOKUP( 1, (Master_Konversi_Satuan!A:A=C3)* (Master_Konversi_Satuan!C:C=E3), Master_Konversi_Satuan!E:E )} -> 14000 | J3: =F3*I3 -> 140000
A4: 46023 | B4: PJ03 | C4: BR05 | D4: =IF( C4="", "", _xlfn.XLOOKUP( C4, Master_Barang!A:A, Master_Barang!B:B ) ) -> Kopi | E4: Renteng | F4: 2 | G4: {=_xlfn.XLOOKUP( 1, (Master_Konversi_Satuan!A:A=C4)* (Master_Konversi_Satuan!C:C=E4), Master_Konversi_Satuan!D:D )} -> 10 | H4: =Tabel3[[#This Row],[Qty_Jual]]*Tabel3[[#This Row],[Konversi_ke_PCS]] -> 20 | I4: {=_xlfn.XLOOKUP( 1, (Master_Konversi_Satuan!A:A=C4)* (Master_Konversi_Satuan!C:C=E4), Master_Konversi_Satuan!E:E )} -> 45000 | J4: =F4*I4 -> 90000
A5: 46024 | B5: PJ04 | C5: BR03 | D5: =IF( C5="", "", _xlfn.XLOOKUP( C5, Master_Barang!A:A, Master_Barang!B:B ) ) -> Beras | E5: Kg | F5: 50 | G5: {=_xlfn.XLOOKUP( 1, (Master_Konversi_Satuan!A:A=C5)* (Master_Konversi_Satuan!C:C=E5), Master_Konversi_Satuan!D:D )} -> 1 | H5: =Tabel3[[#This Row],[Qty_Jual]]*Tabel3[[#This Row],[Konversi_ke_PCS]] -> 50 | I5: {=_xlfn.XLOOKUP( 1, (Master_Konversi_Satuan!A:A=C5)* (Master_Konversi_Satuan!C:C=E5), Master_Konversi_Satuan!E:E )} -> 13000 | J5: =F5*I5 -> 650000
A6: 46024 | B6: PJ05 | C6: BR01 | D6: =IF( C6="", "", _xlfn.XLOOKUP( C6, Master_Barang!A:A, Master_Barang!B:B ) ) -> Telur | E6: Rak | F6: 1 | G6: {=_xlfn.XLOOKUP( 1, (Master_Konversi_Satuan!A:A=C6)* (Master_Konversi_Satuan!C:C=E6), Master_Konversi_Satuan!D:D )} -> 30 | H6: =Tabel3[[#This Row],[Qty_Jual]]*Tabel3[[#This Row],[Konversi_ke_PCS]] -> 30 | I6: {=_xlfn.XLOOKUP( 1, (Master_Konversi_Satuan!A:A=C6)* (Master_Konversi_Satuan!C:C=E6), Master_Konversi_Satuan!E:E )} -> 45000 | J6: =F6*I6 -> 45000
A7: 46024 | B7: PJ06 | C7: BR04 | D7: =IF( C7="", "", _xlfn.XLOOKUP( C7, Master_Barang!A:A, Master_Barang!B:B ) ) -> Minyak | E7: Liter | F7: 10 | G7: {=_xlfn.XLOOKUP( 1, (Master_Konversi_Satuan!A:A=C7)* (Master_Konversi_Satuan!C:C=E7), Master_Konversi_Satuan!D:D )} -> 1 | H7: =Tabel3[[#This Row],[Qty_Jual]]*Tabel3[[#This Row],[Konversi_ke_PCS]] -> 10 | I7: {=_xlfn.XLOOKUP( 1, (Master_Konversi_Satuan!A:A=C7)* (Master_Konversi_Satuan!C:C=E7), Master_Konversi_Satuan!E:E )} -> 16000 | J7: =F7*I7 -> 160000
A8: 46024 | B8: PJ07 | C8: BR06 | D8: =IF( C8="", "", _xlfn.XLOOKUP( C8, Master_Barang!A:A, Master_Barang!B:B ) ) -> Teh | E8: PCS | F8: 20 | G8: {=_xlfn.XLOOKUP( 1, (Master_Konversi_Satuan!A:A=C8)* (Master_Konversi_Satuan!C:C=E8), Master_Konversi_Satuan!D:D )} -> 1 | H8: =Tabel3[[#This Row],[Qty_Jual]]*Tabel3[[#This Row],[Konversi_ke_PCS]] -> 20 | I8: {=_xlfn.XLOOKUP( 1, (Master_Konversi_Satuan!A:A=C8)* (Master_Konversi_Satuan!C:C=E8), Master_Konversi_Satuan!E:E )} -> 4000 | J8: =F8*I8 -> 80000
A9: 46025 | B9: PJ08 | C9: BR02 | D9: =IF( C9="", "", _xlfn.XLOOKUP( C9, Master_Barang!A:A, Master_Barang!B:B ) ) -> Gula | E9: Karung | F9: 1 | G9: {=_xlfn.XLOOKUP( 1, (Master_Konversi_Satuan!A:A=C9)* (Master_Konversi_Satuan!C:C=E9), Master_Konversi_Satuan!D:D )} -> 50 | H9: =Tabel3[[#This Row],[Qty_Jual]]*Tabel3[[#This Row],[Konversi_ke_PCS]] -> 50 | I9: {=_xlfn.XLOOKUP( 1, (Master_Konversi_Satuan!A:A=C9)* (Master_Konversi_Satuan!C:C=E9), Master_Konversi_Satuan!E:E )} -> 680000 | J9: =F9*I9 -> 680000
A10: 46025 | B10: PJ09 | C10: BR03 | D10: =IF( C10="", "", _xlfn.XLOOKUP( C10, Master_Barang!A:A, Master_Barang!B:B ) ) -> Beras | E10: Kg | F10: 70 | G10: {=_xlfn.XLOOKUP( 1, (Master_Konversi_Satuan!A:A=C10)* (Master_Konversi_Satuan!C:C=E10), Master_Konversi_Satuan!D:D )} -> 1 | H10: =Tabel3[[#This Row],[Qty_Jual]]*Tabel3[[#This Row],[Konversi_ke_PCS]] -> 70 | I10: {=_xlfn.XLOOKUP( 1, (Master_Konversi_Satuan!A:A=C10)* (Master_Konversi_Satuan!C:C=E10), Master_Konversi_Satuan!E:E )} -> 13000 | J10: =F10*I10 -> 910000
A11: 46025 | B11: PJ10 | C11: BR01 | D11: =IF( C11="", "", _xlfn.XLOOKUP( C11, Master_Barang!A:A, Master_Barang!B:B ) ) -> Telur | E11: PCS | F11: 40 | G11: {=_xlfn.XLOOKUP( 1, (Master_Konversi_Satuan!A:A=C11)* (Master_Konversi_Satuan!C:C=E11), Master_Konversi_Satuan!D:D )} -> 1 | H11: =Tabel3[[#This Row],[Qty_Jual]]*Tabel3[[#This Row],[Konversi_ke_PCS]] -> 40 | I11: {=_xlfn.XLOOKUP( 1, (Master_Konversi_Satuan!A:A=C11)* (Master_Konversi_Satuan!C:C=E11), Master_Konversi_Satuan!E:E )} -> 1700 | J11: =F11*I11 -> 68000

Sheet Laporan_Stok
A1: Kode_Barang | B1: Nama_Barang | C1: Stok_Akhir_PCS | D1: Stok_Minimum | E1: Status_Stok
A2: =IF(Master_Barang!A2="","",Master_Barang!A2) -> BR01 | B2: =IF(A2="","",_xlfn.XLOOKUP(A2,Master_Barang!A:A,Master_Barang!B:B)) -> Telur | C2: =IF( A2="", "", SUMIFS(Barang_Masuk!H:H,Barang_Masuk!C:C,A2) - SUMIFS(Penjualan!H:H,Penjualan!C:C,A2) ) -> 150 | D2: =IF(A2="","",_xlfn.XLOOKUP(A2,Master_Barang!A:A,Master_Barang!E:E)) -> 50 | E2: =IF( A2="", "", IF( C2<=0, "HABIS", IF(C2<=D2,"MENIPIS","AMAN") ) ) -> AMAN
A3: =IF(Master_Barang!A3="","",Master_Barang!A3) -> BR02 | B3: =IF(A3="","",_xlfn.XLOOKUP(A3,Master_Barang!A:A,Master_Barang!B:B)) -> Gula | C3: =IF( A3="", "", SUMIFS(Barang_Masuk!H:H,Barang_Masuk!C:C,A3) - SUMIFS(Penjualan!H:H,Penjualan!C:C,A3) ) -> 30 | D3: =IF(A3="","",_xlfn.XLOOKUP(A3,Master_Barang!A:A,Master_Barang!E:E)) -> 20 | E3: =IF( A3="", "", IF( C3<=0, "HABIS", IF(C3<=D3,"MENIPIS","AMAN") ) ) -> AMAN
A4: =IF(Master_Barang!A4="","",Master_Barang!A4) -> BR03 | B4: =IF(A4="","",_xlfn.XLOOKUP(A4,Master_Barang!A:A,Master_Barang!B:B)) -> Beras | C4: =IF( A4="", "", SUMIFS(Barang_Masuk!H:H,Barang_Masuk!C:C,A4) - SUMIFS(Penjualan!H:H,Penjualan!C:C,A4) ) -> 105 | D4: =IF(A4="","",_xlfn.XLOOKUP(A4,Master_Barang!A:A,Master_Barang!E:E)) -> 100 | E4: =IF( A4="", "", IF( C4<=0, "HABIS", IF(C4<=D4,"MENIPIS","AMAN") ) ) -> AMAN
A5: =IF(Master_Barang!A5="","",Master_Barang!A5) -> BR04 | B5: =IF(A5="","",_xlfn.XLOOKUP(A5,Master_Barang!A:A,Master_Barang!B:B)) -> Minyak | C5: =IF( A5="", "", SUMIFS(Barang_Masuk!H:H,Barang_Masuk!C:C,A5) - SUMIFS(Penjualan!H:H,Penjualan!C:C,A5) ) -> 20 | D5: =IF(A5="","",_xlfn.XLOOKUP(A5,Master_Barang!A:A,Master_Barang!E:E)) -> 30 | E5: =IF( A5="", "", IF( C5<=0, "HABIS", IF(C5<=D5,"MENIPIS","AMAN") ) ) -> MENIPIS
A6: =IF(Master_Barang!A6="","",Master_Barang!A6) -> BR05 | B6: =IF(A6="","",_xlfn.XLOOKUP(A6,Master_Barang!A:A,Master_Barang!B:B)) -> Kopi | C6: =IF( A6="", "", SUMIFS(Barang_Masuk!H:H,Barang_Masuk!C:C,A6) - SUMIFS(Penjualan!H:H,Penjualan!C:C,A6) ) -> 80 | D6: =IF(A6="","",_xlfn.XLOOKUP(A6,Master_Barang!A:A,Master_Barang!E:E)) -> 40 | E6: =IF( A6="", "", IF( C6<=0, "HABIS", IF(C6<=D6,"MENIPIS","AMAN") ) ) -> AMAN
A7: =IF(Master_Barang!A7="","",Master_Barang!A7) -> BR06 | B7: =IF(A7="","",_xlfn.XLOOKUP(A7,Master_Barang!A:A,Master_Barang!B:B)) -> Teh | C7: =IF( A7="", "", SUMIFS(Barang_Masuk!H:H,Barang_Masuk!C:C,A7) - SUMIFS(Penjualan!H:H,Penjualan!C:C,A7) ) -> 90 | D7: =IF(A7="","",_xlfn.XLOOKUP(A7,Master_Barang!A:A,Master_Barang!E:E)) -> 40 | E7: =IF( A7="", "", IF( C7<=0, "HABIS", IF(C7<=D7,"MENIPIS","AMAN") ) ) -> AMAN
A8: =IF(Master_Barang!A8="","",Master_Barang!A8) | B8: =IF(A8="","",_xlfn.XLOOKUP(A8,Master_Barang!A:A,Master_Barang!B:B)) | C8: =IF( A8="", "", SUMIFS(Barang_Masuk!H:H,Barang_Masuk!C:C,A8) - SUMIFS(Penjualan!H:H,Penjualan!C:C,A8) ) | D8: =IF(A8="","",_xlfn.XLOOKUP(A8,Master_Barang!A:A,Master_Barang!E:E)) | E8: =IF( A8="", "", IF( C8<=0, "HABIS", IF(C8<=D8,"MENIPIS","AMAN") ) )
A9: =IF(Master_Barang!A9="","",Master_Barang!A9) | B9: =IF(A9="","",_xlfn.XLOOKUP(A9,Master_Barang!A:A,Master_Barang!B:B)) | C9: =IF( A9="", "", SUMIFS(Barang_Masuk!H:H,Barang_Masuk!C:C,A9) - SUMIFS(Penjualan!H:H,Penjualan!C:C,A9) ) | D9: =IF(A9="","",_xlfn.XLOOKUP(A9,Master_Barang!A:A,Master_Barang!E:E)) | E9: =IF( A9="", "", IF( C9<=0, "HABIS", IF(C9<=D9,"MENIPIS","AMAN") ) )
A10: =IF(Master_Barang!A10="","",Master_Barang!A10) | B10: =IF(A10="","",_xlfn.XLOOKUP(A10,Master_Barang!A:A,Master_Barang!B:B)) | C10: =IF( A10="", "", SUMIFS(Barang_Masuk!H:H,Barang_Masuk!C:C,A10) - SUMIFS(Penjualan!H:H,Penjualan!C:C,A10) ) | D10: =IF(A10="","",_xlfn.XLOOKUP(A10,Master_Barang!A:A,Master_Barang!E:E)) | E10: =IF( A10="", "", IF( C10<=0, "HABIS", IF(C10<=D10,"MENIPIS","AMAN") ) )
A11: =IF(Master_Barang!A11="","",Master_Barang!A11) | B11: =IF(A11="","",_xlfn.XLOOKUP(A11,Master_Barang!A:A,Master_Barang!B:B)) | C11: =IF( A11="", "", SUMIFS(Barang_Masuk!H:H,Barang_Masuk!C:C,A11) - SUMIFS(Penjualan!H:H,Penjualan!C:C,A11) ) | D11: =IF(A11="","",_xlfn.XLOOKUP(A11,Master_Barang!A:A,Master_Barang!E:E)) | E11: =IF( A11="", "", IF( C11<=0, "HABIS", IF(C11<=D11,"MENIPIS","AMAN") ) )
A12: =IF(Master_Barang!A12="","",Master_Barang!A12) | B12: =IF(A12="","",_xlfn.XLOOKUP(A12,Master_Barang!A:A,Master_Barang!B:B)) | C12: =IF( A12="", "", SUMIFS(Barang_Masuk!H:H,Barang_Masuk!C:C,A12) - SUMIFS(Penjualan!H:H,Penjualan!C:C,A12) ) | D12: =IF(A12="","",_xlfn.XLOOKUP(A12,Master_Barang!A:A,Master_Barang!E:E)) | E12: =IF( A12="", "", IF( C12<=0, "HABIS", IF(C12<=D12,"MENIPIS","AMAN") ) )
A13: =IF(Master_Barang!A13="","",Master_Barang!A13) | B13: =IF(A13="","",_xlfn.XLOOKUP(A13,Master_Barang!A:A,Master_Barang!B:B)) | C13: =IF( A13="", "", SUMIFS(Barang_Masuk!H:H,Barang_Masuk!C:C,A13) - SUMIFS(Penjualan!H:H,Penjualan!C:C,A13) ) | D13: =IF(A13="","",_xlfn.XLOOKUP(A13,Master_Barang!A:A,Master_Barang!E:E)) | E13: =IF( A13="", "", IF( C13<=0, "HABIS", IF(C13<=D13,"MENIPIS","AMAN") ) )
... A16: =IF(Master_Barang!A16="","",Master_Barang!A16) | B16: =IF(A16="","",_xlfn.XLOOKUP(A16,Master_Barang!A:A,Master_Barang!B:B)) | C16: =IF( A16="", "", SUMIFS(Barang_Masuk!H:H,Barang_Masuk!C:C,A16) - SUMIFS(Penjualan!H:H,Penjualan!C:C,A16) ) | D16: =IF(A16="","",_xlfn.XLOOKUP(A16,Master_Barang!A:A,Master_Barang!E:E)) | E16: =IF( A16="", "", IF( C16<=0, "HABIS", IF(C16<=D16,"MENIPIS","AMAN") ) )

Sheet Laporan_Penjualan
A1: Tanggal | B1: Kode_Barang | C1: Nama_Barang | D1: Qty_Terjual_PCS | E1: Total_Penjualan | F1: Kolom1
A2: =IF(Penjualan!A2="","",Penjualan!A2) -> 46023 | B2: =IF(A2="","",Penjualan!C2) -> BR01 | C2: =IF(A2="","",Penjualan!D2) -> Telur | D2: =IF(A2="","",Penjualan!H2) -> 20 | E2: =IF(A2="","",Penjualan!J2) -> 34000
A3: =IF(Penjualan!A3="","",Penjualan!A3) -> 46023 | B3: =IF(A3="","",Penjualan!C3) -> BR02 | C3: =IF(A3="","",Penjualan!D3) -> Gula | D3: =IF(A3="","",Penjualan!H3) -> 10 | E3: =IF(A3="","",Penjualan!J3) -> 140000
A4: =IF(Penjualan!A4="","",Penjualan!A4) -> 46023 | B4: =IF(A4="","",Penjualan!C4) -> BR05 | C4: =IF(A4="","",Penjualan!D4) -> Kopi | D4: =IF(A4="","",Penjualan!H4) -> 20 | E4: =IF(A4="","",Penjualan!J4) -> 90000
A5: =IF(Penjualan!A5="","",Penjualan!A5) -> 46024 | B5: =IF(A5="","",Penjualan!C5) -> BR03 | C5: =IF(A5="","",Penjualan!D5) -> Beras | D5: =IF(A5="","",Penjualan!H5) -> 50 | E5: =IF(A5="","",Penjualan!J5) -> 650000
A6: =IF(Penjualan!A6="","",Penjualan!A6) -> 46024 | B6: =IF(A6="","",Penjualan!C6) -> BR01 | C6: =IF(A6="","",Penjualan!D6) -> Telur | D6: =IF(A6="","",Penjualan!H6) -> 30 | E6: =IF(A6="","",Penjualan!J6) -> 45000
A7: =IF(Penjualan!A7="","",Penjualan!A7) -> 46024 | B7: =IF(A7="","",Penjualan!C7) -> BR04 | C7: =IF(A7="","",Penjualan!D7) -> Minyak | D7: =IF(A7="","",Penjualan!H7) -> 10 | E7: =IF(A7="","",Penjualan!J7) -> 160000
A8: =IF(Penjualan!A8="","",Penjualan!A8) -> 46024 | B8: =IF(A8="","",Penjualan!C8) -> BR06 | C8: =IF(A8="","",Penjualan!D8) -> Teh | D8: =IF(A8="","",Penjualan!H8) -> 20 | E8: =IF(A8="","",Penjualan!J8) -> 80000
A9: =IF(Penjualan!A9="","",Penjualan!A9) -> 46025 | B9: =IF(A9="","",Penjualan!C9) -> BR02 | C9: =IF(A9="","",Penjualan!D9) -> Gula | D9: =IF(A9="","",Penjualan!H9) -> 50 | E9: =IF(A9="","",Penjualan!J9) -> 680000
A10: =IF(Penjualan!A10="","",Penjualan!A10) -> 46025 | B10: =IF(A10="","",Penjualan!C10) -> BR03 | C10: =IF(A10="","",Penjualan!D10) -> Beras | D10: =IF(A10="","",Penjualan!H10) -> 70 | E10: =IF(A10="","",Penjualan!J10) -> 910000
A11: =IF(Penjualan!A11="","",Penjualan!A11) -> 46025 | B11: =IF(A11="","",Penjualan!C11) -> BR01 | C11: =IF(A11="","",Penjualan!D11) -> Telur | D11: =IF(A11="","",Penjualan!H11) -> 40 | E11: =IF(A11="","",Penjualan!J11) -> 68000
A12: =IF(Penjualan!A12="","",Penjualan!A12) | B12: =IF(A12="","",Penjualan!C12) | C12: =IF(A12="","",Penjualan!D12) | D12: =IF(A12="","",Penjualan!H12) | E12: =IF(A12="","",Penjualan!J12)
A13: =IF(Penjualan!A13="","",Penjualan!A13) | B13: =IF(A13="","",Penjualan!C13) | C13: =IF(A13="","",Penjualan!D13) | D13: =IF(A13="","",Penjualan!H13) | E13: =IF(A13="","",Penjualan!J13)
... A16: =IF(Penjualan!A16="","",Penjualan!A16) | B16: =IF(A16="","",Penjualan!C16) | C16: =IF(A16="","",Penjualan!D16) | D16: =IF(A16="","",Penjualan!H16) | E16: =IF(A16="","",Penjualan!J16)
B17: =IF(A17="","",Penjualan!C17) | C17: =IF(A17="","",Penjualan!D17) | D17: =IF(A17="","",Penjualan!H17) | E17: =IF(A17="","",Penjualan!J17)
B18: =IF(A18="","",Penjualan!C18) | C18: =IF(A18="","",Penjualan!D18) | D18: =IF(A18="","",Penjualan!H18) | E18: =IF(A18="","",Penjualan!J18)
B19: =IF(A19="","",Penjualan!C19) | C19: =IF(A19="","",Penjualan!D19) | D19: =IF(A19="","",Penjualan!H19) | E19: =IF(A19="","",Penjualan!J19)

Sheet Laporan_Laba
A1: Tanggal | B1: Ref_Dokumen | C1: Kode_Barang | D1: Nama_Barang | E1: Qty_Terjual_PCS | F1: Total_Penjualan | G1: HPP_PCS | H1: Total_HPP | I1: Laba_Kotor
A2: =IF(Penjualan!A2="","",Penjualan!A2) -> 46023 | B2: =IF(A2="","",Penjualan!B2) -> PJ01 | C2: =IF(A2="","",Penjualan!C2) -> BR01 | D2: =IF(A2="","",Penjualan!D2) -> Telur | E2: =IF(A2="","",Penjualan!H2) -> 20 | F2: =IF(A2="","",Penjualan!J2) -> 34000 | G2: =IF( C2="", "", _xlfn.XLOOKUP( C2, HPP_Sederhana!A:A, HPP_Sederhana!G:G ) ) -> 1466.6667 | H2: =IF( E2="", "", E2 * G2 ) -> 29333.333 | I2: =IF( F2="", "", F2 - H2 ) -> 4666.6667
A3: =IF(Penjualan!A3="","",Penjualan!A3) -> 46023 | B3: =IF(A3="","",Penjualan!B3) -> PJ02 | C3: =IF(A3="","",Penjualan!C3) -> BR02 | D3: =IF(A3="","",Penjualan!D3) -> Gula | E3: =IF(A3="","",Penjualan!H3) -> 10 | F3: =IF(A3="","",Penjualan!J3) -> 140000 | G3: =IF( C3="", "", _xlfn.XLOOKUP( C3, HPP_Sederhana!A:A, HPP_Sederhana!G:G ) ) -> 12611.111 | H3: =IF( E3="", "", E3 * G3 ) -> 126111.11 | I3: =IF( F3="", "", F3 - H3 ) -> 13888.889
A4: =IF(Penjualan!A4="","",Penjualan!A4) -> 46023 | B4: =IF(A4="","",Penjualan!B4) -> PJ03 | C4: =IF(A4="","",Penjualan!C4) -> BR05 | D4: =IF(A4="","",Penjualan!D4) -> Kopi | E4: =IF(A4="","",Penjualan!H4) -> 20 | F4: =IF(A4="","",Penjualan!J4) -> 90000 | G4: =IF( C4="", "", _xlfn.XLOOKUP( C4, HPP_Sederhana!A:A, HPP_Sederhana!G:G ) ) -> 3900 | H4: =IF( E4="", "", E4 * G4 ) -> 78000 | I4: =IF( F4="", "", F4 - H4 ) -> 12000
A5: =IF(Penjualan!A5="","",Penjualan!A5) -> 46024 | B5: =IF(A5="","",Penjualan!B5) -> PJ04 | C5: =IF(A5="","",Penjualan!C5) -> BR03 | D5: =IF(A5="","",Penjualan!D5) -> Beras | E5: =IF(A5="","",Penjualan!H5) -> 50 | F5: =IF(A5="","",Penjualan!J5) -> 650000 | G5: =IF( C5="", "", _xlfn.XLOOKUP( C5, HPP_Sederhana!A:A, HPP_Sederhana!G:G ) ) -> 12088.889 | H5: =IF( E5="", "", E5 * G5 ) -> 604444.44 | I5: =IF( F5="", "", F5 - H5 ) -> 45555.556
A6: =IF(Penjualan!A6="","",Penjualan!A6) -> 46024 | B6: =IF(A6="","",Penjualan!B6) -> PJ05 | C6: =IF(A6="","",Penjualan!C6) -> BR01 | D6: =IF(A6="","",Penjualan!D6) -> Telur | E6: =IF(A6="","",Penjualan!H6) -> 30 | F6: =IF(A6="","",Penjualan!J6) -> 45000 | G6: =IF( C6="", "", _xlfn.XLOOKUP( C6, HPP_Sederhana!A:A, HPP_Sederhana!G:G ) ) -> 1466.6667 | H6: =IF( E6="", "", E6 * G6 ) -> 44000 | I6: =IF( F6="", "", F6 - H6 ) -> 1000
A7: =IF(Penjualan!A7="","",Penjualan!A7) -> 46024 | B7: =IF(A7="","",Penjualan!B7) -> PJ06 | C7: =IF(A7="","",Penjualan!C7) -> BR04 | D7: =IF(A7="","",Penjualan!D7) -> Minyak | E7: =IF(A7="","",Penjualan!H7) -> 10 | F7: =IF(A7="","",Penjualan!J7) -> 160000 | G7: =IF( C7="", "", _xlfn.XLOOKUP( C7, HPP_Sederhana!A:A, HPP_Sederhana!G:G ) ) -> 13666.667 | H7: =IF( E7="", "", E7 * G7 ) -> 136666.67 | I7: =IF( F7="", "", F7 - H7 ) -> 23333.333
A8: =IF(Penjualan!A8="","",Penjualan!A8) -> 46024 | B8: =IF(A8="","",Penjualan!B8) -> PJ07 | C8: =IF(A8="","",Penjualan!C8) -> BR06 | D8: =IF(A8="","",Penjualan!D8) -> Teh | E8: =IF(A8="","",Penjualan!H8) -> 20 | F8: =IF(A8="","",Penjualan!J8) -> 80000 | G8: =IF( C8="", "", _xlfn.XLOOKUP( C8, HPP_Sederhana!A:A, HPP_Sederhana!G:G ) ) -> 1772.7273 | H8: =IF( E8="", "", E8 * G8 ) -> 35454.545 | I8: =IF( F8="", "", F8 - H8 ) -> 44545.455
A9: =IF(Penjualan!A9="","",Penjualan!A9) -> 46025 | B9: =IF(A9="","",Penjualan!B9) -> PJ08 | C9: =IF(A9="","",Penjualan!C9) -> BR02 | D9: =IF(A9="","",Penjualan!D9) -> Gula | E9: =IF(A9="","",Penjualan!H9) -> 50 | F9: =IF(A9="","",Penjualan!J9) -> 680000 | G9: =IF( C9="", "", _xlfn.XLOOKUP( C9, HPP_Sederhana!A:A, HPP_Sederhana!G:G ) ) -> 12611.111 | H9: =IF( E9="", "", E9 * G9 ) -> 630555.56 | I9: =IF( F9="", "", F9 - H9 ) -> 49444.444
A10: =IF(Penjualan!A10="","",Penjualan!A10) -> 46025 | B10: =IF(A10="","",Penjualan!B10) -> PJ09 | C10: =IF(A10="","",Penjualan!C10) -> BR03 | D10: =IF(A10="","",Penjualan!D10) -> Beras | E10: =IF(A10="","",Penjualan!H10) -> 70 | F10: =IF(A10="","",Penjualan!J10) -> 910000 | G10: =IF( C10="", "", _xlfn.XLOOKUP( C10, HPP_Sederhana!A:A, HPP_Sederhana!G:G ) ) -> 12088.889 | H10: =IF( E10="", "", E10 * G10 ) -> 846222.22 | I10: =IF( F10="", "", F10 - H10 ) -> 63777.778
A11: =IF(Penjualan!A11="","",Penjualan!A11) -> 46025 | B11: =IF(A11="","",Penjualan!B11) -> PJ10 | C11: =IF(A11="","",Penjualan!C11) -> BR01 | D11: =IF(A11="","",Penjualan!D11) -> Telur | E11: =IF(A11="","",Penjualan!H11) -> 40 | F11: =IF(A11="","",Penjualan!J11) -> 68000 | G11: =IF( C11="", "", _xlfn.XLOOKUP( C11, HPP_Sederhana!A:A, HPP_Sederhana!G:G ) ) -> 1466.6667 | H11: =IF( E11="", "", E11 * G11 ) -> 58666.667 | I11: =IF( F11="", "", F11 - H11 ) -> 9333.3333
A12: =IF(Penjualan!A12="","",Penjualan!A12) | B12: =IF(A12="","",Penjualan!B12) | C12: =IF(A12="","",Penjualan!C12) | D12: =IF(A12="","",Penjualan!D12) | E12: =IF(A12="","",Penjualan!H12) | F12: =IF(A12="","",Penjualan!J12) | G12: =IF( C12="", "", _xlfn.XLOOKUP( C12, HPP_Sederhana!A:A, HPP_Sederhana!G:G ) ) | H12: =IF( E12="", "", E12 * G12 ) | I12: =IF( F12="", "", F12 - H12 )
A13: =IF(Penjualan!A13="","",Penjualan!A13) | B13: =IF(A13="","",Penjualan!B13) | C13: =IF(A13="","",Penjualan!C13) | D13: =IF(A13="","",Penjualan!D13) | E13: =IF(A13="","",Penjualan!H13) | F13: =IF(A13="","",Penjualan!J13) | G13: =IF( A13="", "", _xlfn.XLOOKUP( B13,#REF!,#REF! ) ) | H13: =IF(A13="","",E13*G13) | I13: =IF(A13="","",F13-H13)

Sheet HPP_Sederhana
A1: Kode_Barang | B1: Nama_Barang | C1: Total_Qty_Masuk | D1: Total_Nilai_Masuk | E1: HPP_Rata2 | F1: Stok_Akhir | G1: HPP_Aktif
A2: =IF(Master_Barang!A2="","",Master_Barang!A2) -> BR01 | B2: =IF(A2="","",_xlfn.XLOOKUP(A2,Master_Barang!A:A,Master_Barang!B:B)) -> Telur | C2: =IF(A2="","",SUMIFS(Barang_Masuk!H:H,Barang_Masuk!C:C,A2)) -> 240 | D2: =IF(A2="","",SUMIFS(Barang_Masuk!J:J,Barang_Masuk!C:C,A2)) -> 352000 | E2: =IF(C2=0,0,D2/C2) -> 1466.6667 | F2: =IF(A2="","",_xlfn.XLOOKUP(A2,Laporan_Stok!A:A,Laporan_Stok!C:C)) -> 150 | G2: =IF(F2<=0,0,E2) -> 1466.6667
A3: =IF(Master_Barang!A3="","",Master_Barang!A3) -> BR02 | B3: =IF(A3="","",_xlfn.XLOOKUP(A3,Master_Barang!A:A,Master_Barang!B:B)) -> Gula | C3: =IF(A3="","",SUMIFS(Barang_Masuk!H:H,Barang_Masuk!C:C,A3)) -> 90 | D3: =IF(A3="","",SUMIFS(Barang_Masuk!J:J,Barang_Masuk!C:C,A3)) -> 1135000 | E3: =IF(C3=0,0,D3/C3) -> 12611.111 | F3: =IF(A3="","",_xlfn.XLOOKUP(A3,Laporan_Stok!A:A,Laporan_Stok!C:C)) -> 30 | G3: =IF(F3<=0,0,E3) -> 12611.111
A4: =IF(Master_Barang!A4="","",Master_Barang!A4) -> BR03 | B4: =IF(A4="","",_xlfn.XLOOKUP(A4,Master_Barang!A:A,Master_Barang!B:B)) -> Beras | C4: =IF(A4="","",SUMIFS(Barang_Masuk!H:H,Barang_Masuk!C:C,A4)) -> 225 | D4: =IF(A4="","",SUMIFS(Barang_Masuk!J:J,Barang_Masuk!C:C,A4)) -> 2720000 | E4: =IF(C4=0,0,D4/C4) -> 12088.889 | F4: =IF(A4="","",_xlfn.XLOOKUP(A4,Laporan_Stok!A:A,Laporan_Stok!C:C)) -> 105 | G4: =IF(F4<=0,0,E4) -> 12088.889
A5: =IF(Master_Barang!A5="","",Master_Barang!A5) -> BR04 | B5: =IF(A5="","",_xlfn.XLOOKUP(A5,Master_Barang!A:A,Master_Barang!B:B)) -> Minyak | C5: =IF(A5="","",SUMIFS(Barang_Masuk!H:H,Barang_Masuk!C:C,A5)) -> 30 | D5: =IF(A5="","",SUMIFS(Barang_Masuk!J:J,Barang_Masuk!C:C,A5)) -> 410000 | E5: =IF(C5=0,0,D5/C5) -> 13666.667 | F5: =IF(A5="","",_xlfn.XLOOKUP(A5,Laporan_Stok!A:A,Laporan_Stok!C:C)) -> 20 | G5: =IF(F5<=0,0,E5) -> 13666.667
A6: =IF(Master_Barang!A6="","",Master_Barang!A6) -> BR05 | B6: =IF(A6="","",_xlfn.XLOOKUP(A6,Master_Barang!A:A,Master_Barang!B:B)) -> Kopi | C6: =IF(A6="","",SUMIFS(Barang_Masuk!H:H,Barang_Masuk!C:C,A6)) -> 100 | D6: =IF(A6="","",SUMIFS(Barang_Masuk!J:J,Barang_Masuk!C:C,A6)) -> 390000 | E6: =IF(C6=0,0,D6/C6) -> 3900 | F6: =IF(A6="","",_xlfn.XLOOKUP(A6,Laporan_Stok!A:A,Laporan_Stok!C:C)) -> 80 | G6: =IF(F6<=0,0,E6) -> 3900
A7: =IF(Master_Barang!A7="","",Master_Barang!A7) -> BR06 | B7: =IF(A7="","",_xlfn.XLOOKUP(A7,Master_Barang!A:A,Master_Barang!B:B)) -> Teh | C7: =IF(A7="","",SUMIFS(Barang_Masuk!H:H,Barang_Masuk!C:C,A7)) -> 110 | D7: =IF(A7="","",SUMIFS(Barang_Masuk!J:J,Barang_Masuk!C:C,A7)) -> 195000 | E7: =IF(C7=0,0,D7/C7) -> 1772.7273 | F7: =IF(A7="","",_xlfn.XLOOKUP(A7,Laporan_Stok!A:A,Laporan_Stok!C:C)) -> 90 | G7: =IF(F7<=0,0,E7) -> 1772.7273

Sheet Master_Dropdown
A1: Master Barang
A2: Kategori | B2: Satuan | C2: Status
A3: Makanan | B3: PCS | C3: Aktif
A4: Minuman | B4: Kg | C4: Non-Aktif
A5: Snack | B5: Liter
A6: Miras | B6: Gram
A7: Etc | B7: Karung
B8: Dus
B9: Rak
B10: Renteng
